step	pred	loss
1.000000000000000000e+00	6.989940613999320362e+01	1.040222358703613281e+01
3.400000000000000000e+01	1.292299477245241768e+01	9.605319976806640625e+00
6.800000000000000000e+01	9.223954886391291907e+00	8.616765022277832031e+00
1.020000000000000000e+02	7.699633344317753370e+00	7.606929302215576172e+00
1.360000000000000000e+02	6.834092426291077160e+00	6.813704490661621094e+00
1.700000000000000000e+02	6.264776116447372978e+00	6.276663780212402344e+00
2.040000000000000000e+02	5.856819467408829638e+00	5.990891456604003906e+00
2.380000000000000000e+02	5.547551760524265241e+00	5.711785316467285156e+00
2.720000000000000000e+02	5.303546599499677328e+00	5.565813541412353516e+00
3.060000000000000000e+02	5.105204475815867227e+00	5.390853881835937500e+00
3.400000000000000000e+02	4.940207269038602078e+00	5.276960849761962891e+00
3.740000000000000000e+02	4.800390248677434357e+00	5.173547744750976562e+00
4.080000000000000000e+02	4.680108848939918964e+00	4.997056007385253906e+00
4.420000000000000000e+02	4.575324975040418352e+00	4.969189167022705078e+00
4.760000000000000000e+02	4.483066705117678907e+00	4.819361209869384766e+00
5.100000000000000000e+02	4.401093893129841561e+00	4.806814670562744141e+00
5.440000000000000000e+02	4.327683152149019108e+00	4.678456783294677734e+00
5.770000000000000000e+02	4.263339710292346041e+00	4.585314750671386719e+00
6.110000000000000000e+02	4.203113820644944099e+00	4.589252471923828125e+00
6.450000000000000000e+02	4.148185523045359702e+00	4.564142704010009766e+00
6.790000000000000000e+02	4.097845049415165697e+00	4.520690441131591797e+00
7.130000000000000000e+02	4.051507254293394311e+00	4.449930191040039062e+00
7.470000000000000000e+02	4.008685023336314934e+00	4.395155429840087891e+00
7.810000000000000000e+02	3.968969272821067928e+00	4.324084758758544922e+00
8.150000000000000000e+02	3.932013698273717051e+00	4.256010055541992188e+00
8.490000000000000000e+02	3.897522998565953856e+00	4.178940773010253906e+00
8.830000000000000000e+02	3.865243679521752185e+00	4.060535907745361328e+00
9.170000000000000000e+02	3.834956796855322203e+00	3.931954383850097656e+00
9.510000000000000000e+02	3.806472174448161994e+00	3.928416490554809570e+00
9.850000000000000000e+02	3.779623757237322579e+00	3.858765602111816406e+00
1.019000000000000000e+03	3.754265845468070850e+00	3.778629779815673828e+00
1.053000000000000000e+03	3.730270019974054385e+00	3.881083726882934570e+00
1.087000000000000000e+03	3.707522613943917023e+00	3.769297361373901367e+00
1.121000000000000000e+03	3.685922620350431167e+00	3.715447425842285156e+00
1.154000000000000000e+03	3.665969830909063809e+00	3.828358650207519531e+00
1.188000000000000000e+03	3.646376194947398286e+00	3.604669332504272461e+00
1.222000000000000000e+03	3.627688867446323684e+00	3.613615274429321289e+00
1.256000000000000000e+03	3.609842434357187102e+00	3.733350038528442383e+00
1.290000000000000000e+03	3.592777808924024541e+00	3.655573606491088867e+00
1.324000000000000000e+03	3.576441472329441318e+00	3.584630012512207031e+00
1.358000000000000000e+03	3.560784822266442440e+00	3.515809297561645508e+00
1.392000000000000000e+03	3.545763611826894923e+00	3.642810821533203125e+00
1.426000000000000000e+03	3.531337464323112130e+00	3.587373018264770508e+00
1.460000000000000000e+03	3.517469452232350413e+00	3.510124921798706055e+00
1.494000000000000000e+03	3.504125730518665716e+00	3.520601749420166016e+00
1.528000000000000000e+03	3.491275216252263558e+00	3.566858053207397461e+00
1.562000000000000000e+03	3.478889307797289554e+00	3.557209968566894531e+00
1.596000000000000000e+03	3.466941637939955356e+00	3.442941427230834961e+00
1.630000000000000000e+03	3.455407856230443553e+00	3.476692676544189453e+00
1.664000000000000000e+03	3.444265436553634263e+00	3.407443761825561523e+00
1.697000000000000000e+03	3.433805224926909094e+00	3.395463705062866211e+00
1.731000000000000000e+03	3.423374350748984440e+00	3.445503473281860352e+00
1.765000000000000000e+03	3.413277104211200452e+00	3.385501384735107422e+00
1.799000000000000000e+03	3.403496693820616592e+00	3.443089723587036133e+00
1.833000000000000000e+03	3.394017469795004516e+00	3.351485252380371094e+00
1.867000000000000000e+03	3.384824827003692249e+00	3.405205965042114258e+00
1.901000000000000000e+03	3.375905117752207918e+00	3.361652612686157227e+00
1.935000000000000000e+03	3.367245573256519187e+00	3.333552837371826172e+00
1.969000000000000000e+03	3.358834232805653741e+00	3.370940208435058594e+00
2.003000000000000000e+03	3.350659879741894276e+00	3.411647796630859375e+00
2.037000000000000000e+03	3.342711983499322415e+00	3.374311447143554688e+00
2.071000000000000000e+03	3.334980647037114831e+00	3.250006914138793945e+00
2.105000000000000000e+03	3.327456559086263699e+00	3.353567838668823242e+00
2.139000000000000000e+03	3.320130950699292871e+00	3.209638833999633789e+00
2.173000000000000000e+03	3.312995555653831303e+00	3.276658773422241211e+00
2.207000000000000000e+03	3.306042574313990734e+00	3.261216402053833008e+00
2.241000000000000000e+03	3.299264640599604004e+00	3.333626747131347656e+00
2.274000000000000000e+03	3.292846862564739574e+00	3.261104106903076172e+00
2.308000000000000000e+03	3.286393852189347431e+00	3.259227037429809570e+00
2.342000000000000000e+03	3.280096281243459089e+00	3.255315780639648438e+00
2.376000000000000000e+03	3.273948230283970418e+00	3.195209741592407227e+00
2.410000000000000000e+03	3.267944085788069941e+00	3.288720369338989258e+00
2.444000000000000000e+03	3.262078520298949957e+00	3.196825027465820312e+00
2.478000000000000000e+03	3.256346474115312972e+00	3.217634201049804688e+00
2.512000000000000000e+03	3.250743138385331577e+00	3.281255245208740234e+00
2.546000000000000000e+03	3.245263939479982707e+00	3.282476663589477539e+00
2.580000000000000000e+03	3.239904524533324004e+00	3.261046648025512695e+00
2.614000000000000000e+03	3.234660748048496348e+00	3.191487073898315430e+00
2.648000000000000000e+03	3.229528659478211772e+00	3.161699056625366211e+00
2.682000000000000000e+03	3.224504491697340214e+00	3.209888219833374023e+00
2.716000000000000000e+03	3.219584650293144890e+00	3.145125150680541992e+00
2.750000000000000000e+03	3.214765703605748648e+00	3.260760784149169922e+00
2.784000000000000000e+03	3.210044373457744626e+00	3.214830160140991211e+00
2.818000000000000000e+03	3.205417526517517768e+00	3.161399364471435547e+00
2.851000000000000000e+03	3.201014280557278546e+00	3.141171693801879883e+00
2.885000000000000000e+03	3.196564973001560173e+00	3.148199319839477539e+00
2.919000000000000000e+03	3.192201618898971027e+00	3.115773200988769531e+00
2.953000000000000000e+03	3.187921585624688525e+00	3.151981830596923828e+00
2.987000000000000000e+03	3.183722350283747282e+00	3.143009662628173828e+00
3.021000000000000000e+03	3.179601493951984104e+00	3.197440624237060547e+00
3.055000000000000000e+03	3.175556696280066316e+00	3.229918479919433594e+00
3.089000000000000000e+03	3.171585730433966965e+00	3.162335634231567383e+00
3.123000000000000000e+03	3.167686458347469092e+00	3.104934215545654297e+00
3.157000000000000000e+03	3.163856826264293876e+00	3.155576229095458984e+00
3.191000000000000000e+03	3.160094860549288676e+00	3.113897085189819336e+00
3.225000000000000000e+03	3.156398663749757194e+00	3.065142631530761719e+00
3.259000000000000000e+03	3.152766410889543458e+00	3.123791694641113281e+00
3.293000000000000000e+03	3.149196345979847322e+00	3.145076274871826172e+00
3.327000000000000000e+03	3.145686778732009969e+00	3.205464601516723633e+00
3.361000000000000000e+03	3.142236081458646524e+00	3.117580652236938477e+00
3.394000000000000000e+03	3.138941688304504041e+00	3.168401002883911133e+00
3.428000000000000000e+03	3.135602464016685076e+00	3.092102527618408203e+00
3.462000000000000000e+03	3.132317615922555198e+00	3.063020467758178711e+00
3.496000000000000000e+03	3.129085737606454920e+00	3.104933500289916992e+00
3.530000000000000000e+03	3.125905472243303063e+00	3.097495079040527344e+00
3.564000000000000000e+03	3.122775510392980181e+00	3.086672067642211914e+00
3.598000000000000000e+03	3.119694587912756667e+00	3.069447994232177734e+00
3.632000000000000000e+03	3.116661483980392333e+00	3.130340576171875000e+00
3.666000000000000000e+03	3.113675019221074702e+00	3.028589248657226562e+00
3.700000000000000000e+03	3.110734053931830889e+00	3.041457414627075195e+00
3.734000000000000000e+03	3.107837486397503568e+00	3.077227830886840820e+00
3.768000000000000000e+03	3.104984251292776776e+00	3.064138174057006836e+00
3.802000000000000000e+03	3.102173318165134308e+00	3.077018022537231445e+00
3.836000000000000000e+03	3.099403689993957212e+00	3.067623376846313477e+00
3.870000000000000000e+03	3.096674401821314149e+00	3.089079856872558594e+00
3.904000000000000000e+03	3.093984519450275972e+00	3.095859766006469727e+00
3.938000000000000000e+03	3.091333138206872722e+00	3.096368312835693359e+00
3.971000000000000000e+03	3.088795727944491532e+00	3.055643081665039062e+00
4.005000000000000000e+03	3.086217677426576156e+00	2.976112604141235352e+00
4.039000000000000000e+03	3.083675603492483042e+00	3.086365222930908203e+00
4.073000000000000000e+03	3.081168707604983403e+00	3.051274299621582031e+00
4.107000000000000000e+03	3.078696215422940252e+00	3.092528820037841797e+00
4.141000000000000000e+03	3.076257375875280253e+00	3.056372165679931641e+00
4.175000000000000000e+03	3.073851460277668757e+00	3.016602277755737305e+00
4.209000000000000000e+03	3.071477761489586733e+00	3.052684783935546875e+00
4.243000000000000000e+03	3.069135593109654891e+00	2.995585680007934570e+00
4.277000000000000000e+03	3.066824288707177271e+00	3.023879766464233398e+00
4.311000000000000000e+03	3.064543201088002711e+00	2.996489763259887695e+00
4.345000000000000000e+03	3.062291701592911419e+00	3.058617591857910156e+00
4.379000000000000000e+03	3.060069179426848418e+00	2.990328073501586914e+00
4.413000000000000000e+03	3.057875041017417139e+00	3.027697801589965820e+00
4.447000000000000000e+03	3.055708709401143253e+00	2.983128070831298828e+00
4.481000000000000000e+03	3.053569623636106733e+00	3.031294345855712891e+00
4.515000000000000000e+03	3.051457238239613901e+00	3.003637552261352539e+00
4.548000000000000000e+03	3.049432013274090636e+00	3.018686771392822266e+00
4.582000000000000000e+03	3.047370704050104351e+00	2.976951837539672852e+00
4.616000000000000000e+03	3.045334560806552737e+00	3.029242038726806641e+00
4.650000000000000000e+03	3.043323094344462021e+00	2.959391832351684570e+00
4.684000000000000000e+03	3.041335828459946100e+00	3.092098236083984375e+00
4.718000000000000000e+03	3.039372299507749453e+00	2.985881090164184570e+00
4.752000000000000000e+03	3.037432055982467016e+00	3.082945108413696289e+00
4.786000000000000000e+03	3.035514658116614140e+00	3.052757501602172852e+00
4.820000000000000000e+03	3.033619677494740152e+00	2.982432842254638672e+00
4.854000000000000000e+03	3.031746696682851461e+00	2.969983339309692383e+00
4.888000000000000000e+03	3.029895308872422532e+00	3.040762424468994141e+00
4.922000000000000000e+03	3.028065117538333073e+00	2.983617067337036133e+00
4.956000000000000000e+03	3.026255736110087913e+00	2.967898130416870117e+00
4.990000000000000000e+03	3.024466787655719635e+00	2.974899768829345703e+00
5.024000000000000000e+03	3.022697904577802408e+00	3.002866029739379883e+00
5.058000000000000000e+03	3.020948728321035226e+00	3.005470752716064453e+00
5.091000000000000000e+03	3.019269513057370791e+00	3.024380922317504883e+00
5.125000000000000000e+03	3.017558155057085578e+00	3.022803306579589844e+00
5.159000000000000000e+03	3.015865489384754738e+00	2.883813381195068359e+00
5.193000000000000000e+03	3.014191190712122381e+00	2.921373367309570312e+00
5.227000000000000000e+03	3.012534941454348303e+00	3.049248695373535156e+00
5.261000000000000000e+03	3.010896431536798978e+00	3.019168138504028320e+00
5.295000000000000000e+03	3.009275358170322434e+00	2.936383724212646484e+00
5.329000000000000000e+03	3.007671425634633966e+00	3.021951913833618164e+00
5.363000000000000000e+03	3.006084345069481856e+00	3.042752981185913086e+00
5.397000000000000000e+03	3.004513834273255135e+00	2.938635349273681641e+00
5.431000000000000000e+03	3.002959617508733636e+00	2.993903160095214844e+00
5.465000000000000000e+03	3.001421425315673464e+00	2.935105323791503906e+00
5.499000000000000000e+03	2.999898994329957436e+00	2.967649936676025391e+00
5.533000000000000000e+03	2.998392067109033388e+00	2.934481859207153320e+00
5.567000000000000000e+03	2.996900391963388088e+00	3.005594730377197266e+00
5.601000000000000000e+03	2.995423722793812971e+00	3.045006275177001953e+00
5.635000000000000000e+03	2.993961818934225416e+00	2.976451396942138672e+00
5.668000000000000000e+03	2.992556809601556456e+00	2.947016716003417969e+00
5.702000000000000000e+03	2.991123318002753884e+00	2.965547800064086914e+00
5.736000000000000000e+03	2.989703907376723535e+00	2.958186626434326172e+00
5.770000000000000000e+03	2.988298357180825260e+00	3.016161680221557617e+00
5.804000000000000000e+03	2.986906451599442125e+00	2.970775842666625977e+00
5.838000000000000000e+03	2.985527979415701250e+00	2.958882093429565430e+00
5.872000000000000000e+03	2.984162733887397501e+00	3.011197090148925781e+00
5.906000000000000000e+03	2.982810512626964172e+00	2.980451583862304688e+00
5.940000000000000000e+03	2.981471117485326339e+00	2.937444686889648438e+00
5.974000000000000000e+03	2.980144354439502763e+00	2.952916622161865234e+00
6.008000000000000000e+03	2.978830033483802264e+00	2.941743373870849609e+00
6.042000000000000000e+03	2.977527968524491975e+00	2.961180925369262695e+00
6.076000000000000000e+03	2.976237977277794933e+00	2.958575010299682617e+00
6.110000000000000000e+03	2.974959881171105103e+00	3.006588935852050781e+00
6.144000000000000000e+03	2.973693505247296365e+00	2.930764913558959961e+00
6.178000000000000000e+03	2.972438678072010898e+00	2.957935571670532227e+00
6.212000000000000000e+03	2.971195231643819934e+00	2.922948122024536133e+00
6.245000000000000000e+03	2.969999084805530210e+00	2.935011863708496094e+00
6.279000000000000000e+03	2.968777586301744709e+00	2.927513599395751953e+00
6.313000000000000000e+03	2.967566988889614343e+00	2.886228799819946289e+00
6.347000000000000000e+03	2.966367137364851914e+00	2.947343587875366211e+00
6.381000000000000000e+03	2.965177879548721140e+00	2.945334672927856445e+00
6.415000000000000000e+03	2.963999066213320432e+00	2.908523082733154297e+00
6.449000000000000000e+03	2.962830551009097313e+00	2.940757751464843750e+00
6.483000000000000000e+03	2.961672190394514903e+00	2.992915391921997070e+00
6.517000000000000000e+03	2.960523843567794966e+00	2.905993700027465820e+00
6.551000000000000000e+03	2.959385372400665126e+00	2.985289573669433594e+00
6.585000000000000000e+03	2.958256641374044094e+00	2.860813617706298828e+00
6.619000000000000000e+03	2.957137517515595171e+00	2.974928855895996094e+00
6.653000000000000000e+03	2.956027870339087649e+00	2.973819971084594727e+00
6.687000000000000000e+03	2.954927571785500806e+00	2.966891527175903320e+00
6.721000000000000000e+03	2.953836496165815451e+00	2.891828536987304688e+00
6.755000000000000000e+03	2.952754520105437486e+00	2.903502702713012695e+00
6.788000000000000000e+03	2.951712954211109796e+00	2.990135192871093750e+00
6.822000000000000000e+03	2.950648557236937197e+00	2.972488641738891602e+00
6.856000000000000000e+03	2.949592906455847707e+00	2.941593170166015625e+00
6.890000000000000000e+03	2.948545887164604196e+00	2.896140098571777344e+00
6.924000000000000000e+03	2.947507386720513267e+00	2.849864482879638672e+00
6.958000000000000000e+03	2.946477294494514787e+00	3.008927583694458008e+00
6.992000000000000000e+03	2.945455501825561928e+00	2.974205493927001953e+00
7.026000000000000000e+03	2.944441901976250442e+00	2.897840976715087891e+00
7.060000000000000000e+03	2.943436390089657628e+00	2.839411973953247070e+00
7.094000000000000000e+03	2.942438863147354589e+00	2.863496780395507812e+00
7.128000000000000000e+03	2.941449219928546466e+00	2.923824071884155273e+00
7.162000000000000000e+03	2.940467360970315358e+00	2.924992084503173828e+00
7.196000000000000000e+03	2.939493188528924605e+00	3.021203279495239258e+00
7.230000000000000000e+03	2.938526606542152919e+00	2.931613206863403320e+00
7.264000000000000000e+03	2.937567520592626380e+00	2.898685455322265625e+00
7.298000000000000000e+03	2.936615837872116774e+00	2.892980813980102539e+00
7.332000000000000000e+03	2.935671467146778735e+00	2.868112087249755859e+00
7.365000000000000000e+03	2.934761779656118286e+00	2.964186429977416992e+00
7.399000000000000000e+03	2.933831556766567594e+00	2.973203659057617188e+00
7.433000000000000000e+03	2.932908383812297792e+00	2.926360368728637695e+00
7.467000000000000000e+03	2.931992175485065744e+00	2.956797599792480469e+00
7.501000000000000000e+03	2.931082847891155474e+00	2.840404510498046875e+00
7.535000000000000000e+03	2.930180318521643734e+00	2.842951059341430664e+00
7.569000000000000000e+03	2.929284506223417850e+00	2.955362081527709961e+00
7.603000000000000000e+03	2.928395331170931204e+00	2.929012060165405273e+00
7.637000000000000000e+03	2.927512714838668373e+00	2.950401782989501953e+00
7.671000000000000000e+03	2.926636579974299934e+00	2.969589471817016602e+00
7.705000000000000000e+03	2.925766850572509625e+00	2.922209262847900391e+00
7.739000000000000000e+03	2.924903451849471203e+00	2.878212213516235352e+00
7.773000000000000000e+03	2.924046310217958577e+00	2.956848859786987305e+00
7.807000000000000000e+03	2.923195353263065677e+00	2.926836729049682617e+00
7.841000000000000000e+03	2.922350509718526723e+00	2.923351764678955078e+00
7.875000000000000000e+03	2.921511709443612048e+00	2.909983634948730469e+00
7.909000000000000000e+03	2.920678883400587456e+00	2.846850633621215820e+00
7.942000000000000000e+03	2.919876201129721238e+00	2.969870805740356445e+00
7.976000000000000000e+03	2.919054949938459931e+00	2.899343013763427734e+00
8.010000000000000000e+03	2.918239474188930593e+00	2.887704610824584961e+00
8.044000000000000000e+03	2.917429709011003069e+00	2.932015180587768555e+00
8.078000000000000000e+03	2.916625590533302947e+00	2.990211725234985352e+00
8.112000000000000000e+03	2.915827055863713380e+00	2.857907295227050781e+00
8.146000000000000000e+03	2.915034043070334313e+00	2.962620496749877930e+00
8.180000000000000000e+03	2.914246491162887587e+00	2.907301902770996094e+00
8.214000000000000000e+03	2.913464340074561676e+00	2.847978353500366211e+00
8.248000000000000000e+03	2.912687530644276990e+00	2.932251930236816406e+00
8.282000000000000000e+03	2.911916004599365060e+00	2.910452604293823242e+00
8.316000000000000000e+03	2.911149704538646521e+00	2.900813817977905273e+00
8.350000000000000000e+03	2.910388573915900334e+00	2.892334461212158203e+00
8.384000000000000000e+03	2.909632557023712707e+00	2.916683912277221680e+00
8.418000000000000000e+03	2.908881598977695049e+00	2.980580568313598633e+00
8.452000000000000000e+03	2.908135645701058980e+00	2.884274482727050781e+00
8.485000000000000000e+03	2.907416367899708920e+00	2.936824083328247070e+00
8.519000000000000000e+03	2.906680121741495260e+00	2.961733341217041016e+00
8.553000000000000000e+03	2.905948724329957322e+00	2.889090299606323242e+00
8.587000000000000000e+03	2.905222124649496251e+00	2.845151424407958984e+00
8.621000000000000000e+03	2.904500272420463158e+00	2.823113679885864258e+00
8.655000000000000000e+03	2.903783118085690340e+00	2.918066978454589844e+00
8.689000000000000000e+03	2.903070612797322703e+00	2.891387224197387695e+00
8.723000000000000000e+03	2.902362708403938729e+00	2.892741441726684570e+00
8.757000000000000000e+03	2.901659357437953890e+00	2.897696018218994141e+00
8.791000000000000000e+03	2.900960513103299832e+00	2.874912738800048828e+00
8.825000000000000000e+03	2.900266129263373571e+00	2.857120513916015625e+00
8.859000000000000000e+03	2.899576160429247373e+00	2.867277860641479492e+00
8.893000000000000000e+03	2.898890561748133088e+00	2.967749834060668945e+00
8.927000000000000000e+03	2.898209288992095178e+00	2.929616689682006836e+00
8.961000000000000000e+03	2.897532298547009333e+00	2.842674970626831055e+00
8.995000000000000000e+03	2.896859547401751112e+00	2.855396270751953125e+00
9.029000000000000000e+03	2.896190993137621739e+00	2.825466871261596680e+00
9.062000000000000000e+03	2.895546076153328041e+00	2.887860536575317383e+00
9.096000000000000000e+03	2.894885670303676939e+00	2.965668678283691406e+00
9.130000000000000000e+03	2.894229338720367473e+00	2.869555234909057617e+00
9.164000000000000000e+03	2.893577041236922831e+00	2.829788446426391602e+00
9.198000000000000000e+03	2.892928738229938013e+00	2.921474695205688477e+00
9.232000000000000000e+03	2.892284390609762834e+00	2.930254697799682617e+00
9.266000000000000000e+03	2.891643959811380782e+00	2.955258846282958984e+00
9.300000000000000000e+03	2.891007407785472161e+00	2.879763841629028320e+00
9.334000000000000000e+03	2.890374696989665537e+00	2.939624309539794922e+00
9.368000000000000000e+03	2.889745790379966373e+00	2.855025529861450195e+00
9.402000000000000000e+03	2.889120651402361517e+00	2.908968687057495117e+00
9.436000000000000000e+03	2.888499243984594678e+00	2.867205619812011719e+00
9.470000000000000000e+03	2.887881532528112416e+00	2.833377361297607422e+00
9.504000000000000000e+03	2.887267481900166022e+00	2.887333631515502930e+00
9.538000000000000000e+03	2.886657057426079476e+00	2.991257905960083008e+00
9.572000000000000000e+03	2.886050224881670179e+00	2.857630014419555664e+00
9.606000000000000000e+03	2.885446950485820672e+00	2.854893684387207031e+00
9.639000000000000000e+03	2.884864790585966787e+00	2.908519506454467773e+00
9.673000000000000000e+03	2.884268430643212255e+00	2.846843242645263672e+00
9.707000000000000000e+03	2.883675531041769435e+00	2.871616601943969727e+00
9.741000000000000000e+03	2.883086059689319747e+00	2.927357673645019531e+00
9.775000000000000000e+03	2.882499984901823353e+00	2.901394844055175781e+00
9.809000000000000000e+03	2.881917275396928879e+00	2.876832485198974609e+00
9.843000000000000000e+03	2.881337900287509690e+00	2.870254755020141602e+00
9.877000000000000000e+03	2.880761829075326297e+00	2.825112581253051758e+00
9.911000000000000000e+03	2.880189031644813102e+00	2.822268724441528320e+00
9.945000000000000000e+03	2.879619478256981946e+00	2.916980028152465820e+00
9.979000000000000000e+03	2.879053139543449102e+00	2.811829328536987305e+00
1.001300000000000000e+04	2.878489986500570641e+00	2.878368377685546875e+00
1.004700000000000000e+04	2.877929990483693690e+00	2.905677795410156250e+00
1.008100000000000000e+04	2.877373123201517835e+00	2.792479753494262695e+00
1.011500000000000000e+04	2.876819356710561326e+00	2.899924755096435547e+00
1.014900000000000000e+04	2.876268663409733417e+00	2.793778896331787109e+00
1.018200000000000000e+04	2.875737080088448305e+00	2.892418861389160156e+00
1.021600000000000000e+04	2.875192363295046682e+00	2.911049365997314453e+00
1.025000000000000000e+04	2.874650639667998053e+00	2.839307308197021484e+00
1.028400000000000000e+04	2.874111882914128557e+00	2.976373672485351562e+00
1.031800000000000000e+04	2.873576067057155736e+00	2.916955232620239258e+00
1.035200000000000000e+04	2.873043166432839080e+00	2.779795646667480469e+00
1.038600000000000000e+04	2.872513155684224273e+00	2.830073118209838867e+00
1.042000000000000000e+04	2.871986009756969604e+00	2.950926542282104492e+00
1.045400000000000000e+04	2.871461703894764739e+00	2.831050634384155273e+00
1.048800000000000000e+04	2.870940213634828542e+00	2.789777040481567383e+00
1.052200000000000000e+04	2.870421514803491725e+00	2.914160013198852539e+00
1.055600000000000000e+04	2.869905583511860314e+00	2.902586221694946289e+00
1.059000000000000000e+04	2.869392396151553726e+00	2.907965183258056641e+00
1.062400000000000000e+04	2.868881929390527663e+00	2.822522401809692383e+00
1.065800000000000000e+04	2.868374160168964959e+00	2.889285087585449219e+00
1.069200000000000000e+04	2.867869065695244135e+00	2.855133771896362305e+00
1.072600000000000000e+04	2.867366623441979456e+00	2.857615947723388672e+00
1.075900000000000000e+04	2.866881474172606303e+00	2.865968465805053711e+00
1.079300000000000000e+04	2.866384193423247240e+00	2.872601747512817383e+00
1.082700000000000000e+04	2.865889499495418491e+00	2.837366104125976562e+00
1.086100000000000000e+04	2.865397370873199456e+00	2.893363714218139648e+00
1.089500000000000000e+04	2.864907786286243763e+00	2.886719942092895508e+00
1.092900000000000000e+04	2.864420724706222110e+00	2.819412708282470703e+00
1.096300000000000000e+04	2.863936165343325957e+00	2.893749713897705078e+00
1.099700000000000000e+04	2.863454087642831603e+00	2.871201276779174805e+00
1.103100000000000000e+04	2.862974471281726441e+00	2.891723394393920898e+00
1.106500000000000000e+04	2.862497296165391170e+00	2.861552715301513672e+00
1.109900000000000000e+04	2.862022542424342841e+00	2.806216955184936523e+00
1.113300000000000000e+04	2.861550190411030758e+00	2.868555307388305664e+00
1.116700000000000000e+04	2.861080220696690102e+00	2.782381296157836914e+00
1.120100000000000000e+04	2.860612614068247517e+00	2.884926795959472656e+00
1.123500000000000000e+04	2.860147351525282211e+00	2.825836658477783203e+00
1.126900000000000000e+04	2.859684414277036346e+00	2.906977176666259766e+00
1.130300000000000000e+04	2.859223783739479163e+00	2.796435117721557617e+00
1.133600000000000000e+04	2.858778889694331582e+00	2.855191230773925781e+00
1.137000000000000000e+04	2.858322751127026606e+00	2.876257658004760742e+00
1.140400000000000000e+04	2.857868865256086632e+00	2.853632688522338867e+00
1.143800000000000000e+04	2.857417214290278729e+00	2.853575944900512695e+00
1.147200000000000000e+04	2.856967780631217479e+00	2.829798221588134766e+00
1.150600000000000000e+04	2.856520546870706223e+00	2.825486898422241211e+00
1.154000000000000000e+04	2.856075495788130691e+00	2.885398149490356445e+00
1.157400000000000000e+04	2.855632610347889955e+00	2.903783798217773438e+00
1.160800000000000000e+04	2.855191873696873550e+00	2.881450414657592773e+00
1.164200000000000000e+04	2.854753269161978579e+00	2.834975719451904297e+00
1.167600000000000000e+04	2.854316780247668994e+00	2.868012428283691406e+00
1.171000000000000000e+04	2.853882390633573074e+00	2.845327377319335938e+00
1.174400000000000000e+04	2.853450084172122647e+00	2.770350694656372070e+00
1.177800000000000000e+04	2.853019844886229173e+00	2.850255489349365234e+00
1.181200000000000000e+04	2.852591656966998013e+00	2.880747079849243164e+00
1.184600000000000000e+04	2.852165504771479121e+00	2.833868265151977539e+00
1.187900000000000000e+04	2.851753818597934753e+00	2.862490415573120117e+00
1.191300000000000000e+04	2.851331632822449613e+00	2.834069967269897461e+00
1.194700000000000000e+04	2.850911437259134651e+00	2.849827051162719727e+00
1.198100000000000000e+04	2.850493216902459714e+00	2.793468236923217773e+00
1.201500000000000000e+04	2.850076956902189096e+00	2.845747470855712891e+00
1.204900000000000000e+04	2.849662642561344050e+00	2.908205747604370117e+00
1.208300000000000000e+04	2.849250259334190627e+00	2.810829401016235352e+00
1.211700000000000000e+04	2.848839792824266581e+00	2.885877370834350586e+00
1.215100000000000000e+04	2.848431228782432711e+00	2.836403131484985352e+00
1.218500000000000000e+04	2.848024553104960166e+00	2.905623197555541992e+00
1.221900000000000000e+04	2.847619751831645729e+00	2.847998380661010742e+00
1.225300000000000000e+04	2.847216811143956416e+00	2.881075620651245117e+00
1.228700000000000000e+04	2.846815717363203824e+00	2.828331947326660156e+00
1.232100000000000000e+04	2.846416456948746010e+00	2.800973892211914062e+00
1.235500000000000000e+04	2.846019016496220022e+00	2.841814756393432617e+00
1.238900000000000000e+04	2.845623382735797069e+00	2.806355714797973633e+00
1.242300000000000000e+04	2.845229542530471001e+00	2.906979084014892578e+00
1.245600000000000000e+04	2.844848988747343377e+00	2.876247406005859375e+00
1.249000000000000000e+04	2.844458644956265658e+00	2.891604661941528320e+00
1.252400000000000000e+04	2.844070056462582041e+00	2.794836282730102539e+00
1.255800000000000000e+04	2.843683210640251868e+00	2.866508007049560547e+00
1.259200000000000000e+04	2.843298094987915636e+00	2.823899745941162109e+00
1.262600000000000000e+04	2.842914697127328694e+00	2.853723049163818359e+00
1.266000000000000000e+04	2.842533004801825136e+00	2.839682817459106445e+00
1.269400000000000000e+04	2.842153005874796801e+00	2.853554487228393555e+00
1.272800000000000000e+04	2.841774688328203347e+00	2.800119638442993164e+00
1.276200000000000000e+04	2.841398040261097435e+00	2.774153470993041992e+00
1.279600000000000000e+04	2.841023049888179663e+00	2.897727251052856445e+00
1.283000000000000000e+04	2.840649705538367265e+00	2.824391126632690430e+00
1.286400000000000000e+04	2.840277995653390342e+00	2.901233434677124023e+00
1.289800000000000000e+04	2.839907908786406754e+00	2.790282487869262695e+00
1.293200000000000000e+04	2.839539433600636542e+00	2.834104537963867188e+00
1.296600000000000000e+04	2.839172558868019003e+00	2.846801757812500000e+00
1.299900000000000000e+04	2.838817994574540204e+00	2.907526493072509766e+00
1.303300000000000000e+04	2.838454241227431396e+00	2.855509519577026367e+00
1.306700000000000000e+04	2.838092055607849495e+00	2.781274795532226562e+00
1.310100000000000000e+04	2.837731426906531684e+00	2.875636339187622070e+00
1.313500000000000000e+04	2.837372344416539960e+00	2.842520713806152344e+00
1.316900000000000000e+04	2.837014797532032340e+00	2.825989246368408203e+00
1.320300000000000000e+04	2.836658775747048278e+00	2.909538030624389648e+00
1.323700000000000000e+04	2.836304268654315841e+00	2.854409217834472656e+00
1.327100000000000000e+04	2.835951265944072652e+00	2.846923112869262695e+00
1.330500000000000000e+04	2.835599757402906818e+00	2.872830390930175781e+00
1.333900000000000000e+04	2.835249732912611620e+00	2.901040077209472656e+00
1.337300000000000000e+04	2.834901182449058421e+00	2.832899570465087891e+00
1.340700000000000000e+04	2.834554096081086882e+00	2.827833175659179688e+00
1.344100000000000000e+04	2.834208463969407177e+00	2.801755189895629883e+00
1.347500000000000000e+04	2.833864276365522628e+00	2.871366739273071289e+00
1.350900000000000000e+04	2.833521523610665227e+00	2.819691181182861328e+00
1.354300000000000000e+04	2.833180196134744477e+00	2.817486524581909180e+00
1.357600000000000000e+04	2.832850261737783093e+00	2.899104595184326172e+00
1.361000000000000000e+04	2.832511715227604476e+00	2.865894794464111328e+00
1.364400000000000000e+04	2.832174566080513323e+00	2.822734594345092773e+00
1.367800000000000000e+04	2.831838805068461973e+00	2.848918199539184570e+00
1.371200000000000000e+04	2.831504423047083385e+00	2.784946441650390625e+00
1.374600000000000000e+04	2.831171410954725687e+00	2.851123094558715820e+00
1.378000000000000000e+04	2.830839759811502709e+00	2.771627426147460938e+00
1.381400000000000000e+04	2.830509460718355186e+00	2.861094951629638672e+00
1.384800000000000000e+04	2.830180504856128820e+00	2.889466524124145508e+00
1.388200000000000000e+04	2.829852883484660797e+00	2.811641931533813477e+00
1.391600000000000000e+04	2.829526587941882276e+00	2.893091440200805664e+00
1.395000000000000000e+04	2.829201609642931103e+00	2.808919191360473633e+00
1.398400000000000000e+04	2.828877940079276954e+00	2.861490964889526367e+00
1.401800000000000000e+04	2.828555570817861131e+00	2.804780006408691406e+00
1.405200000000000000e+04	2.828234493500243918e+00	2.729451417922973633e+00
1.408600000000000000e+04	2.827914699841767465e+00	2.856274843215942383e+00
1.412000000000000000e+04	2.827596181630726679e+00	2.820456981658935547e+00
1.415300000000000000e+04	2.827288243623550468e+00	2.818356990814208984e+00
1.418700000000000000e+04	2.826972215038049629e+00	2.903120756149291992e+00
1.422100000000000000e+04	2.826657437928712824e+00	2.812331438064575195e+00
1.425500000000000000e+04	2.826343904365557158e+00	2.819333553314208984e+00
1.428900000000000000e+04	2.826031606487603653e+00	2.891977310180664062e+00
1.432300000000000000e+04	2.825720536502115632e+00	2.885131359100341797e+00
1.435700000000000000e+04	2.825410686683844208e+00	2.870197296142578125e+00
1.439100000000000000e+04	2.825102049374287105e+00	2.837280511856079102e+00
1.442500000000000000e+04	2.824794616980955020e+00	2.736585378646850586e+00
1.445900000000000000e+04	2.824488381976649087e+00	2.837466955184936523e+00
1.449300000000000000e+04	2.824183336898747676e+00	2.864857435226440430e+00
1.452700000000000000e+04	2.823879474348502061e+00	2.761425971984863281e+00
1.456100000000000000e+04	2.823576786990342757e+00	2.868563175201416016e+00
1.459500000000000000e+04	2.823275267551192069e+00	2.880402803421020508e+00
1.462900000000000000e+04	2.822974908819789963e+00	2.814291000366210938e+00
1.466300000000000000e+04	2.822675703646025269e+00	2.806369066238403320e+00
1.469600000000000000e+04	2.822386395074904186e+00	2.827514886856079102e+00
1.473000000000000000e+04	2.822089442394283498e+00	2.747514247894287109e+00
1.476400000000000000e+04	2.821793622385492917e+00	2.874553680419921875e+00
1.479800000000000000e+04	2.821498928134801520e+00	2.837208747863769531e+00
1.483200000000000000e+04	2.821205352786434695e+00	2.799267053604125977e+00
1.486600000000000000e+04	2.820912889541960400e+00	2.840087175369262695e+00
1.490000000000000000e+04	2.820621531659675441e+00	2.745272397994995117e+00
1.493400000000000000e+04	2.820331272454008165e+00	2.835523843765258789e+00
1.496800000000000000e+04	2.820042105294922052e+00	2.927287101745605469e+00
1.500200000000000000e+04	2.819754023607329962e+00	2.876000165939331055e+00
1.503600000000000000e+04	2.819467020870515928e+00	2.880213260650634766e+00
1.507000000000000000e+04	2.819181090617564056e+00	2.846071481704711914e+00
1.510400000000000000e+04	2.818896226434793206e+00	2.775227069854736328e+00
1.513800000000000000e+04	2.818612421961201875e+00	2.930577993392944336e+00
1.517200000000000000e+04	2.818329670887917082e+00	2.804619789123535156e+00
1.520600000000000000e+04	2.818047966957651695e+00	2.836269855499267578e+00
1.524000000000000000e+04	2.817767303964169745e+00	2.818287372589111328e+00
1.527300000000000000e+04	2.817495885398510147e+00	2.807091712951660156e+00
1.530700000000000000e+04	2.817217255692972433e+00	2.780884742736816406e+00
1.534100000000000000e+04	2.816939648783972405e+00	2.851527929306030273e+00
1.537500000000000000e+04	2.816663058662815189e+00	2.812849044799804688e+00
1.540900000000000000e+04	2.816387479369289348e+00	2.738318443298339844e+00
1.544300000000000000e+04	2.816112904991170396e+00	2.830407142639160156e+00
1.547700000000000000e+04	2.815839329663730073e+00	2.792010068893432617e+00
1.551100000000000000e+04	2.815566747569251405e+00	2.815980195999145508e+00
1.554500000000000000e+04	2.815295152936549972e+00	2.850562810897827148e+00
1.557900000000000000e+04	2.815024540040500511e+00	2.856416940689086914e+00
1.561300000000000000e+04	2.814754903201569736e+00	2.749316692352294922e+00
1.564700000000000000e+04	2.814486236785355810e+00	2.830923318862915039e+00
1.568100000000000000e+04	2.814218535202131832e+00	2.843999147415161133e+00
1.571500000000000000e+04	2.813951792906395966e+00	2.863687038421630859e+00
1.574900000000000000e+04	2.813686004396426910e+00	2.817166566848754883e+00
1.578300000000000000e+04	2.813421164213843806e+00	2.763842821121215820e+00
1.581700000000000000e+04	2.813157266943173251e+00	2.751343250274658203e+00
1.585000000000000000e+04	2.812902027989433673e+00	2.842008352279663086e+00
1.588400000000000000e+04	2.812639973123478132e+00	2.818036317825317383e+00
1.591800000000000000e+04	2.812378845331176436e+00	2.852843761444091797e+00
1.595200000000000000e+04	2.812118639363243133e+00	2.755908489227294922e+00
1.598600000000000000e+04	2.811859350011219671e+00	2.876108407974243164e+00
1.602000000000000000e+04	2.811600972107071161e+00	2.813920021057128906e+00
1.605400000000000000e+04	2.811343500522788030e+00	2.748436927795410156e+00
1.608800000000000000e+04	2.811086930169992115e+00	2.807136058807373047e+00
1.612200000000000000e+04	2.810831255999545863e+00	2.887253522872924805e+00
1.615600000000000000e+04	2.810576473001170417e+00	2.838670492172241211e+00
1.619000000000000000e+04	2.810322576203062805e+00	2.791558265686035156e+00
1.622400000000000000e+04	2.810069560671522471e+00	2.872118949890136719e+00
1.625800000000000000e+04	2.809817421510578672e+00	2.784516572952270508e+00
1.629200000000000000e+04	2.809566153861625004e+00	2.878388881683349609e+00
1.632600000000000000e+04	2.809315752903056129e+00	2.830877304077148438e+00
1.636000000000000000e+04	2.809066213849910731e+00	2.854323387145996094e+00
1.639300000000000000e+04	2.808824833936707233e+00	2.776276111602783203e+00
1.642700000000000000e+04	2.808576979479379787e+00	2.817809343338012695e+00
1.646100000000000000e+04	2.808329972925990070e+00	2.961354017257690430e+00
1.649500000000000000e+04	2.808083809633618699e+00	2.818425416946411133e+00
1.652900000000000000e+04	2.807838484994272132e+00	2.871496200561523438e+00
1.656300000000000000e+04	2.807593994434546936e+00	2.816060781478881836e+00
1.659700000000000000e+04	2.807350333415299382e+00	2.819644212722778320e+00
1.663100000000000000e+04	2.807107497431321264e+00	2.843691825866699219e+00
1.666500000000000000e+04	2.806865482011016155e+00	2.800439596176147461e+00
1.669900000000000000e+04	2.806624282716080110e+00	2.831246137619018555e+00
1.673300000000000000e+04	2.806383895141188134e+00	2.849164009094238281e+00
1.676700000000000000e+04	2.806144314913681548e+00	2.790530204772949219e+00
1.680100000000000000e+04	2.805905537693260676e+00	2.733995676040649414e+00
1.683500000000000000e+04	2.805667559171680647e+00	2.792733192443847656e+00
1.686900000000000000e+04	2.805430375072449856e+00	2.830336332321166992e+00
1.690300000000000000e+04	2.805193981150533311e+00	2.743366241455078125e+00
1.693700000000000000e+04	2.804958373192057319e+00	2.830272674560546875e+00
1.697000000000000000e+04	2.804730442546689684e+00	2.816322088241577148e+00
1.700400000000000000e+04	2.804496371184245440e+00	2.805542230606079102e+00
1.703800000000000000e+04	2.804263073448512777e+00	2.786178588867187500e+00
1.707200000000000000e+04	2.804030545246513739e+00	2.831223011016845703e+00
1.710600000000000000e+04	2.803798782515018573e+00	2.807193040847778320e+00
1.714000000000000000e+04	2.803567781220271726e+00	2.863103628158569336e+00
1.717400000000000000e+04	2.803337537357720066e+00	2.844364404678344727e+00
1.720800000000000000e+04	2.803108046951745091e+00	2.739417552947998047e+00
1.724200000000000000e+04	2.802879306055394260e+00	2.879693508148193359e+00
1.727600000000000000e+04	2.802651310750122526e+00	2.840810060501098633e+00
1.731000000000000000e+04	2.802424057145529002e+00	2.829466342926025391e+00
1.734400000000000000e+04	2.802197541379101153e+00	2.769924163818359375e+00
1.737800000000000000e+04	2.801971759615960789e+00	2.754431724548339844e+00
1.741200000000000000e+04	2.801746708048613144e+00	2.849367856979370117e+00
1.744600000000000000e+04	2.801522382896698193e+00	2.814508914947509766e+00
1.748000000000000000e+04	2.801298780406743738e+00	2.762965679168701172e+00
1.751400000000000000e+04	2.801075896851924263e+00	2.802459716796875000e+00
1.754700000000000000e+04	2.800860252719885146e+00	2.805623769760131836e+00
1.758100000000000000e+04	2.800638775084190790e+00	2.808367490768432617e+00
1.761500000000000000e+04	2.800418005467570470e+00	2.811076164245605469e+00
1.764900000000000000e+04	2.800197940246650141e+00	2.845865011215209961e+00
1.768300000000000000e+04	2.799978575823531379e+00	2.781638860702514648e+00
1.771700000000000000e+04	2.799759908625564897e+00	2.810940980911254883e+00
1.775100000000000000e+04	2.799541935105123613e+00	2.839960098266601562e+00
1.778500000000000000e+04	2.799324651739381942e+00	2.809658050537109375e+00
1.781900000000000000e+04	2.799108055030093745e+00	2.775397539138793945e+00
1.785300000000000000e+04	2.798892141503375175e+00	2.816731452941894531e+00
1.788700000000000000e+04	2.798676907709488848e+00	2.872116565704345703e+00
1.792100000000000000e+04	2.798462350222631123e+00	2.809855461120605469e+00
1.795500000000000000e+04	2.798248465640718941e+00	2.789762973785400391e+00
1.798900000000000000e+04	2.798035250585183320e+00	2.794591188430786133e+00
1.802300000000000000e+04	2.797822701700762416e+00	2.815656900405883789e+00
1.805700000000000000e+04	2.797610815655296346e+00	2.870533943176269531e+00
1.809000000000000000e+04	2.797405792301271621e+00	2.850493431091308594e+00
1.812400000000000000e+04	2.797195202774064526e+00	2.830903530120849609e+00
1.815800000000000000e+04	2.796985266321617036e+00	2.872843980789184570e+00
1.819200000000000000e+04	2.796775979701524140e+00	2.828296422958374023e+00
1.822600000000000000e+04	2.796567339693498688e+00	2.761147975921630859e+00
1.826000000000000000e+04	2.796359343099180883e+00	2.812117815017700195e+00
1.829400000000000000e+04	2.796151986741946871e+00	2.774084091186523438e+00
1.832800000000000000e+04	2.795945267466722228e+00	2.815115451812744141e+00
1.836200000000000000e+04	2.795739182139794554e+00	2.795499086380004883e+00
1.839600000000000000e+04	2.795533727648631395e+00	2.829625368118286133e+00
1.843000000000000000e+04	2.795328900901696834e+00	2.802359819412231445e+00
1.846400000000000000e+04	2.795124698828272525e+00	2.784794092178344727e+00
1.849800000000000000e+04	2.794921118378278724e+00	2.850696802139282227e+00
1.853200000000000000e+04	2.794718156522098873e+00	2.854899406433105469e+00
1.856600000000000000e+04	2.794515810250403298e+00	2.837561130523681641e+00
1.860000000000000000e+04	2.794314076573979122e+00	2.834821939468383789e+00
1.863400000000000000e+04	2.794112952523556626e+00	2.801623582839965820e+00
1.866700000000000000e+04	2.793918324087669269e+00	2.806847095489501953e+00
1.870100000000000000e+04	2.793718392744759527e+00	2.846775770187377930e+00
1.873500000000000000e+04	2.793519062323352564e+00	2.848002433776855469e+00
1.876900000000000000e+04	2.793320329931717971e+00	2.795165300369262695e+00
1.880300000000000000e+04	2.793122192697246042e+00	2.828337907791137695e+00
1.883700000000000000e+04	2.792924647766286572e+00	2.802834987640380859e+00
1.887100000000000000e+04	2.792727692303990317e+00	2.798039674758911133e+00
1.890500000000000000e+04	2.792531323494150453e+00	2.766191720962524414e+00
1.893900000000000000e+04	2.792335538539048923e+00	2.817536592483520508e+00
1.897300000000000000e+04	2.792140334659299672e+00	2.749491453170776367e+00
1.900700000000000000e+04	2.791945709093698103e+00	2.817465782165527344e+00
1.904100000000000000e+04	2.791751659099067862e+00	2.892482995986938477e+00
1.907500000000000000e+04	2.791558181950112072e+00	2.766545534133911133e+00
1.910900000000000000e+04	2.791365274939266783e+00	2.788144350051879883e+00
1.914300000000000000e+04	2.791172935376551312e+00	2.783725023269653320e+00
1.917700000000000000e+04	2.790981160589424803e+00	2.808857917785644531e+00
1.921100000000000000e+04	2.790789947922642789e+00	2.835153102874755859e+00
1.924400000000000000e+04	2.790604894223643662e+00	2.785195589065551758e+00
1.927800000000000000e+04	2.790414781559272583e+00	2.854203462600708008e+00
1.931200000000000000e+04	2.790225223228225193e+00	2.847783088684082031e+00
1.934600000000000000e+04	2.790036216642541422e+00	2.828240871429443359e+00
1.938000000000000000e+04	2.789847759230862589e+00	2.778947591781616211e+00
1.941400000000000000e+04	2.789659848438298173e+00	2.828914165496826172e+00
1.944800000000000000e+04	2.789472481726288589e+00	2.800940513610839844e+00
1.948200000000000000e+04	2.789285656572476846e+00	2.789695024490356445e+00
1.951600000000000000e+04	2.789099370470572659e+00	2.780936241149902344e+00
1.955000000000000000e+04	2.788913620930225878e+00	2.798604249954223633e+00
1.958400000000000000e+04	2.788728405476895045e+00	2.822724819183349609e+00
1.961800000000000000e+04	2.788543721651720819e+00	2.813634634017944336e+00
1.965200000000000000e+04	2.788359567011400308e+00	2.881137132644653320e+00
1.968600000000000000e+04	2.788175939128060943e+00	2.848778724670410156e+00
1.972000000000000000e+04	2.787992835589137020e+00	2.760631799697875977e+00
1.975400000000000000e+04	2.787810253997246690e+00	2.845123529434204102e+00
1.978700000000000000e+04	2.787633539341874744e+00	2.811801910400390625e+00
1.982100000000000000e+04	2.787451979334000907e+00	2.781932115554809570e+00
1.985500000000000000e+04	2.787270934239892917e+00	2.728383064270019531e+00
1.988900000000000000e+04	2.787090401721271427e+00	2.809331417083740234e+00
1.992300000000000000e+04	2.786910379454448528e+00	2.754983425140380859e+00
1.995700000000000000e+04	2.786730865130212287e+00	2.795014619827270508e+00
1.999100000000000000e+04	2.786551856453712173e+00	2.842140674591064453e+00
2.002500000000000000e+04	2.786373351144344923e+00	2.769427537918090820e+00
2.005900000000000000e+04	2.786195346935643080e+00	2.770317077636718750e+00
2.009300000000000000e+04	2.786017841575162191e+00	2.840335130691528320e+00
2.012700000000000000e+04	2.785840832824372448e+00	2.858777999877929688e+00
2.016100000000000000e+04	2.785664318458547228e+00	2.781700134277343750e+00
2.019500000000000000e+04	2.785488296266656505e+00	2.909136533737182617e+00
2.022900000000000000e+04	2.785312764051259382e+00	2.809185743331909180e+00
2.026300000000000000e+04	2.785137719628397068e+00	2.786040544509887695e+00
2.029700000000000000e+04	2.784963160827488071e+00	2.775701999664306641e+00
2.033100000000000000e+04	2.784789085491225169e+00	2.776703357696533203e+00
2.036400000000000000e+04	2.784620590331767787e+00	2.866006135940551758e+00
2.039800000000000000e+04	2.784447461441938998e+00	2.770167112350463867e+00
2.043200000000000000e+04	2.784274809685557628e+00	2.798116683959960938e+00
2.046600000000000000e+04	2.784102632957010215e+00	2.732331514358520508e+00
2.050000000000000000e+04	2.783930929163451751e+00	2.771537065505981445e+00
2.053400000000000000e+04	2.783759696224710201e+00	2.829924345016479492e+00
2.056800000000000000e+04	2.783588932073185696e+00	2.827215194702148438e+00
2.060200000000000000e+04	2.783418634653757273e+00	2.742319822311401367e+00
2.063600000000000000e+04	2.783248801923683846e+00	2.859880685806274414e+00
2.067000000000000000e+04	2.783079431852511831e+00	2.773360490798950195e+00
2.070400000000000000e+04	2.782910522421980559e+00	2.818850517272949219e+00
2.073800000000000000e+04	2.782742071625928126e+00	2.767583370208740234e+00
2.077200000000000000e+04	2.782574077470200358e+00	2.784793138504028320e+00
2.080600000000000000e+04	2.782406537972558880e+00	2.769044637680053711e+00
2.084000000000000000e+04	2.782239451162591415e+00	2.835525512695312500e+00
2.087400000000000000e+04	2.782072815081619854e+00	2.791771411895751953e+00
2.090800000000000000e+04	2.781906627782614549e+00	2.811139345169067383e+00
2.094100000000000000e+04	2.781745755689362998e+00	2.830041646957397461e+00
2.097500000000000000e+04	2.781580447100746589e+00	2.856036424636840820e+00
2.100900000000000000e+04	2.781415581578102092e+00	2.862924098968505859e+00
2.104300000000000000e+04	2.781251157219782666e+00	2.739569902420043945e+00
2.107700000000000000e+04	2.781087172135359165e+00	2.789976596832275391e+00
2.111100000000000000e+04	2.780923624445534870e+00	2.846839427947998047e+00
2.114500000000000000e+04	2.780760512282062891e+00	2.753921270370483398e+00
2.117900000000000000e+04	2.780597833787663120e+00	2.858345270156860352e+00
2.121300000000000000e+04	2.780435587115940965e+00	2.752619981765747070e+00
2.124700000000000000e+04	2.780273770431304747e+00	2.754712343215942383e+00
2.128100000000000000e+04	2.780112381908887986e+00	2.861116886138916016e+00
2.131500000000000000e+04	2.779951419734466800e+00	2.812667846679687500e+00
2.134900000000000000e+04	2.779790882104382632e+00	2.757797241210937500e+00
2.138300000000000000e+04	2.779630767225464094e+00	2.715804576873779297e+00
2.141700000000000000e+04	2.779471073314948804e+00	2.757465362548828125e+00
2.145100000000000000e+04	2.779311798600406114e+00	2.723671674728393555e+00
2.148400000000000000e+04	2.779157607650895478e+00	2.847279787063598633e+00
2.151800000000000000e+04	2.778999153850935322e+00	2.797781944274902344e+00
2.155200000000000000e+04	2.778841114041983307e+00	2.775491952896118164e+00
2.158600000000000000e+04	2.778683486491890342e+00	2.828642368316650391e+00
2.162000000000000000e+04	2.778526269478467814e+00	2.798811674118041992e+00
2.165400000000000000e+04	2.778369461289415199e+00	2.729777574539184570e+00
2.168800000000000000e+04	2.778213060222246789e+00	2.784602403640747070e+00
2.172200000000000000e+04	2.778057064584222413e+00	2.762447595596313477e+00
2.175600000000000000e+04	2.777901472692273277e+00	2.833536863327026367e+00
2.179000000000000000e+04	2.777746282872934458e+00	2.786396741867065430e+00
2.182400000000000000e+04	2.777591493462273853e+00	2.815688610076904297e+00
2.185800000000000000e+04	2.777437102805823788e+00	2.746954917907714844e+00
2.189200000000000000e+04	2.777283109258511296e+00	2.822470903396606445e+00
2.192600000000000000e+04	2.777129511184592836e+00	2.746863365173339844e+00
2.196000000000000000e+04	2.776976306957583240e+00	2.832753419876098633e+00
2.199400000000000000e+04	2.776823494960193539e+00	2.812068223953247070e+00
2.202800000000000000e+04	2.776671073584260796e+00	2.831163644790649414e+00
2.206100000000000000e+04	2.776523507232771415e+00	2.817669868469238281e+00
2.209500000000000000e+04	2.776371850938995856e+00	2.834753274917602539e+00
2.212900000000000000e+04	2.776220580542683614e+00	2.717422008514404297e+00
2.216300000000000000e+04	2.776069694471273941e+00	2.770166635513305664e+00
2.219700000000000000e+04	2.775919191161013710e+00	2.821298837661743164e+00
2.223100000000000000e+04	2.775769069056895688e+00	2.734208583831787109e+00
2.226500000000000000e+04	2.775619326612595028e+00	2.765506029129028320e+00
2.229900000000000000e+04	2.775469962290407988e+00	2.736239194869995117e+00
2.233300000000000000e+04	2.775320974561191090e+00	2.775565385818481445e+00
2.236700000000000000e+04	2.775172361904300278e+00	2.798289060592651367e+00
2.240100000000000000e+04	2.775024122807530969e+00	2.771417140960693359e+00
2.243500000000000000e+04	2.774876255767058097e+00	2.821108102798461914e+00
2.246900000000000000e+04	2.774728759287377944e+00	2.810146331787109375e+00
2.250300000000000000e+04	2.774581631881248622e+00	2.805374145507812500e+00
2.253700000000000000e+04	2.774434872069631908e+00	2.823230028152465820e+00
2.257100000000000000e+04	2.774288478381638168e+00	2.798767089843750000e+00
2.260500000000000000e+04	2.774142449354465079e+00	2.795779466629028320e+00
2.263800000000000000e+04	2.774001062651615168e+00	2.850625753402709961e+00
2.267200000000000000e+04	2.773855747970353836e+00	2.830236673355102539e+00
2.270600000000000000e+04	2.773710793651690931e+00	2.813586711883544922e+00
2.274000000000000000e+04	2.773566198264391325e+00	2.801441907882690430e+00
2.277400000000000000e+04	2.773421960385034524e+00	2.770269870758056641e+00
2.280800000000000000e+04	2.773278078597957386e+00	2.868066072463989258e+00
2.284200000000000000e+04	2.773134551495202160e+00	2.797870874404907227e+00
2.287600000000000000e+04	2.772991377676463198e+00	2.886956930160522461e+00
2.291000000000000000e+04	2.772848555749033661e+00	2.878901004791259766e+00
2.294400000000000000e+04	2.772706084327752674e+00	2.759414434432983398e+00
2.297800000000000000e+04	2.772563962034954255e+00	2.839187145233154297e+00
2.301200000000000000e+04	2.772422187500414914e+00	2.771636247634887695e+00
2.304600000000000000e+04	2.772280759361303026e+00	2.775976896286010742e+00
2.308000000000000000e+04	2.772139676262127761e+00	2.851006746292114258e+00
2.311400000000000000e+04	2.771998936854688900e+00	2.765523910522460938e+00
2.314800000000000000e+04	2.771858539798028431e+00	2.740257263183593750e+00
2.318100000000000000e+04	2.771722598198659071e+00	2.814629077911376953e+00
2.321500000000000000e+04	2.771582871877368071e+00	2.792456388473510742e+00
2.324900000000000000e+04	2.771443483965638777e+00	2.754695177078247070e+00
2.328300000000000000e+04	2.771304433150779012e+00	2.721027851104736328e+00
2.331700000000000000e+04	2.771165718127094557e+00	2.824183940887451172e+00
2.335100000000000000e+04	2.771027337595843409e+00	2.772712945938110352e+00
2.338500000000000000e+04	2.770889290265188265e+00	2.804339170455932617e+00
2.341900000000000000e+04	2.770751574850149446e+00	2.826406002044677734e+00
2.345300000000000000e+04	2.770614190072558269e+00	2.742588281631469727e+00
2.348700000000000000e+04	2.770477134661012641e+00	2.880256891250610352e+00
2.352100000000000000e+04	2.770340407350829537e+00	2.814217090606689453e+00
2.355500000000000000e+04	2.770204006884001924e+00	2.780244827270507812e+00
2.358900000000000000e+04	2.770067932009151690e+00	2.759464263916015625e+00
2.362300000000000000e+04	2.769932181481487454e+00	2.791110754013061523e+00
2.365700000000000000e+04	2.769796754062759270e+00	2.827211618423461914e+00
2.369100000000000000e+04	2.769661648521214214e+00	2.746193408966064453e+00
2.372500000000000000e+04	2.769526863631554647e+00	2.737549066543579102e+00
2.375800000000000000e+04	2.769396348493268434e+00	2.728009700775146484e+00
2.379200000000000000e+04	2.769262191914910964e+00	2.871880054473876953e+00
2.382600000000000000e+04	2.769128352386230674e+00	2.755204200744628906e+00
2.386000000000000000e+04	2.768994828707135980e+00	2.827526569366455078e+00
2.389400000000000000e+04	2.768861619683781417e+00	2.743915557861328125e+00
2.392800000000000000e+04	2.768728724128522778e+00	2.751894474029541016e+00
2.396200000000000000e+04	2.768596140859878041e+00	2.729034662246704102e+00
2.399600000000000000e+04	2.768463868702486064e+00	2.783484935760498047e+00
2.403000000000000000e+04	2.768331906487067506e+00	2.866791248321533203e+00
2.406400000000000000e+04	2.768200253050383086e+00	2.853095769882202148e+00
2.409800000000000000e+04	2.768068907235194054e+00	2.764891862869262695e+00
2.413200000000000000e+04	2.767937867890224890e+00	2.826318025588989258e+00
2.416600000000000000e+04	2.767807133870122005e+00	2.710354089736938477e+00
2.420000000000000000e+04	2.767676704035415547e+00	2.778660297393798828e+00
2.423400000000000000e+04	2.767546577252481210e+00	2.767831563949584961e+00
2.426800000000000000e+04	2.767416752393502044e+00	2.809328794479370117e+00
2.430100000000000000e+04	2.767291033584549087e+00	2.781083106994628906e+00
2.433500000000000000e+04	2.767161800414669415e+00	2.727608680725097656e+00
2.436900000000000000e+04	2.767032865852346646e+00	2.796507596969604492e+00
2.440300000000000000e+04	2.766904228792452347e+00	2.892214536666870117e+00
2.443700000000000000e+04	2.766775888135480255e+00	2.677863121032714844e+00
2.447100000000000000e+04	2.766647842787509415e+00	2.728049039840698242e+00
2.450500000000000000e+04	2.766520091660169989e+00	2.724885463714599609e+00
2.453900000000000000e+04	2.766392633670604173e+00	2.771469116210937500e+00
2.457300000000000000e+04	2.766265467741434669e+00	2.758021354675292969e+00
2.460700000000000000e+04	2.766138592800725604e+00	2.722757101058959961e+00
2.464100000000000000e+04	2.766012007781950555e+00	2.799915313720703125e+00
2.467500000000000000e+04	2.765885711623955689e+00	2.804461479187011719e+00
2.470900000000000000e+04	2.765759703270926906e+00	2.806651592254638672e+00
2.474300000000000000e+04	2.765633981672354746e+00	2.822451829910278320e+00
2.477700000000000000e+04	2.765508545783000649e+00	2.781780004501342773e+00
2.481100000000000000e+04	2.765383394562863195e+00	2.780527830123901367e+00
2.484500000000000000e+04	2.765258526977146136e+00	2.787640571594238281e+00
2.487800000000000000e+04	2.765137602236266368e+00	2.696050405502319336e+00
2.491200000000000000e+04	2.765013290568449911e+00	2.840456485748291016e+00
2.494600000000000000e+04	2.764889259491465801e+00	2.719995260238647461e+00
2.498000000000000000e+04	2.764765507990855298e+00	2.723860979080200195e+00
2.501400000000000000e+04	2.764642035057201852e+00	2.765868425369262695e+00
2.504800000000000000e+04	2.764518839686098683e+00	2.844377517700195312e+00
2.508200000000000000e+04	2.764395920878118140e+00	2.795455932617187500e+00
2.511600000000000000e+04	2.764273277638778836e+00	2.823950767517089844e+00
2.515000000000000000e+04	2.764150908978515897e+00	2.731400251388549805e+00
2.518400000000000000e+04	2.764028813912648097e+00	2.798935174942016602e+00
2.521800000000000000e+04	2.763906991461349882e+00	2.811525106430053711e+00
2.525200000000000000e+04	2.763785440649618952e+00	2.770747184753417969e+00
2.528600000000000000e+04	2.763664160507246503e+00	2.793677091598510742e+00
2.532000000000000000e+04	2.763543150068788368e+00	2.789313316345214844e+00
2.535400000000000000e+04	2.763422408373533035e+00	2.756078243255615234e+00
2.538800000000000000e+04	2.763301934465474119e+00	2.668603658676147461e+00
2.542200000000000000e+04	2.763181727393280163e+00	2.805550098419189453e+00
2.545500000000000000e+04	2.763065310105831784e+00	2.742321968078613281e+00
2.548900000000000000e+04	2.762945626090770102e+00	2.821152925491333008e+00
2.552300000000000000e+04	2.762826206112847682e+00	2.793890476226806641e+00
2.555700000000000000e+04	2.762707049239011337e+00	2.743330717086791992e+00
2.559100000000000000e+04	2.762588154540740248e+00	2.790134906768798828e+00
2.562500000000000000e+04	2.762469521094018887e+00	2.681449174880981445e+00
2.565900000000000000e+04	2.762351147979308141e+00	2.800909280776977539e+00
2.569300000000000000e+04	2.762233034281518229e+00	2.665850877761840820e+00
2.572700000000000000e+04	2.762115179089981609e+00	2.773295879364013672e+00
2.576100000000000000e+04	2.761997581498425447e+00	2.709891796112060547e+00
2.579500000000000000e+04	2.761880240604944081e+00	2.790670871734619141e+00
2.582900000000000000e+04	2.761763155511974155e+00	2.708236217498779297e+00
2.586300000000000000e+04	2.761646325326266194e+00	2.752763509750366211e+00
2.589700000000000000e+04	2.761529749158857516e+00	2.804778099060058594e+00
2.593100000000000000e+04	2.761413426125049586e+00	2.779777288436889648e+00
2.596500000000000000e+04	2.761297355344377813e+00	2.767636299133300781e+00
2.599800000000000000e+04	2.761184938813836531e+00	2.772551059722900391e+00
2.603200000000000000e+04	2.761069362559481100e+00	2.877467632293701172e+00
2.606600000000000000e+04	2.760954035967497333e+00	2.782783031463623047e+00
2.610000000000000000e+04	2.760838958173987390e+00	2.882250785827636719e+00
2.613400000000000000e+04	2.760724128319163029e+00	2.742735147476196289e+00
2.616800000000000000e+04	2.760609545547322075e+00	2.804681062698364258e+00
2.620200000000000000e+04	2.760495209006820438e+00	2.745222568511962891e+00
2.623600000000000000e+04	2.760381117850050803e+00	2.740348577499389648e+00
2.627000000000000000e+04	2.760267271233416864e+00	2.748350620269775391e+00
2.630400000000000000e+04	2.760153668317308906e+00	2.761541843414306641e+00
2.633800000000000000e+04	2.760040308266080267e+00	2.737736940383911133e+00
2.637200000000000000e+04	2.759927190248024242e+00	2.793923139572143555e+00
2.640600000000000000e+04	2.759814313435349664e+00	2.730886697769165039e+00
2.644000000000000000e+04	2.759701677004156473e+00	2.773976325988769531e+00
2.647400000000000000e+04	2.759589280134414846e+00	2.855087757110595703e+00
2.650800000000000000e+04	2.759477122009940775e+00	2.763001203536987305e+00
2.654200000000000000e+04	2.759365201818371638e+00	2.742671251296997070e+00
2.657500000000000000e+04	2.759256800170236001e+00	2.803294658660888672e+00
2.660900000000000000e+04	2.759145346483447447e+00	2.743548154830932617e+00
2.664300000000000000e+04	2.759034128338696767e+00	2.780264377593994141e+00
2.667700000000000000e+04	2.758923144938577821e+00	2.698531389236450195e+00
2.671100000000000000e+04	2.758812395489396163e+00	2.757233858108520508e+00
2.674500000000000000e+04	2.758701879201147289e+00	2.736640930175781250e+00
2.677900000000000000e+04	2.758591595287493092e+00	2.719679594039916992e+00
2.681300000000000000e+04	2.758481542965742772e+00	2.795319318771362305e+00
2.684700000000000000e+04	2.758371721456828407e+00	2.809291839599609375e+00
2.688100000000000000e+04	2.758262129985286304e+00	2.843559741973876953e+00
2.691500000000000000e+04	2.758152767779233461e+00	2.772267341613769531e+00
2.694900000000000000e+04	2.758043634070348471e+00	2.777507066726684570e+00
2.698300000000000000e+04	2.757934728093849319e+00	2.713726282119750977e+00
2.701700000000000000e+04	2.746758707973931291e+00	2.807593345642089844e+00
2.705100000000000000e+04	2.735526136063707092e+00	2.797900676727294922e+00
2.708500000000000000e+04	2.729247497479423412e+00	2.755780696868896484e+00
2.711900000000000000e+04	2.725110695738349076e+00	2.766312360763549805e+00
2.715200000000000000e+04	2.722200249904076053e+00	2.687770128250122070e+00
2.718600000000000000e+04	2.719896939222146592e+00	2.762840509414672852e+00
2.722000000000000000e+04	2.718061616820312221e+00	2.767652750015258789e+00
2.725400000000000000e+04	2.716553893835337519e+00	2.757886171340942383e+00
2.728800000000000000e+04	2.715285890728137641e+00	2.710539817810058594e+00
2.732200000000000000e+04	2.714199450734707586e+00	2.757540225982666016e+00
2.735600000000000000e+04	2.713254369393534926e+00	2.798893451690673828e+00
2.739000000000000000e+04	2.712421856587926783e+00	2.731313228607177734e+00
2.742400000000000000e+04	2.711680688692903907e+00	2.701076745986938477e+00
2.745800000000000000e+04	2.711014834332471590e+00	2.746317625045776367e+00
2.749200000000000000e+04	2.710411930537378389e+00	2.715638160705566406e+00
2.752600000000000000e+04	2.709862271532340827e+00	2.726287126541137695e+00
2.756000000000000000e+04	2.709358118212323863e+00	2.772173643112182617e+00
2.759400000000000000e+04	2.708893214742607469e+00	2.679961442947387695e+00
2.762800000000000000e+04	2.708462442704683060e+00	2.789155006408691406e+00
2.766200000000000000e+04	2.708061568841732214e+00	2.827586412429809570e+00
2.769500000000000000e+04	2.707697725732149063e+00	2.798910140991210938e+00
2.772900000000000000e+04	2.707345949700283860e+00	2.731270313262939453e+00
2.776300000000000000e+04	2.707015098041584800e+00	2.712477922439575195e+00
2.779700000000000000e+04	2.706702997839043778e+00	2.792335271835327148e+00
2.783100000000000000e+04	2.706407778552190280e+00	2.724312782287597656e+00
2.786500000000000000e+04	2.706127820097810055e+00	2.716156721115112305e+00
2.789900000000000000e+04	2.705861711412229198e+00	2.730385303497314453e+00
2.793300000000000000e+04	2.705608217085015532e+00	2.699733972549438477e+00
2.796700000000000000e+04	2.705366250271193262e+00	2.694919824600219727e+00
2.800100000000000000e+04	2.705134850533131630e+00	2.789313554763793945e+00
2.803500000000000000e+04	2.704913165586718904e+00	2.661795377731323242e+00
2.806900000000000000e+04	2.704700436164769517e+00	2.682017326354980469e+00
2.810300000000000000e+04	2.704495983388035985e+00	2.709697484970092773e+00
2.813700000000000000e+04	2.704299198167682050e+00	2.750785827636718750e+00
2.817100000000000000e+04	2.704109532264336924e+00	2.735450267791748047e+00
2.820500000000000000e+04	2.703926490706450636e+00	2.673387765884399414e+00
2.823900000000000000e+04	2.703749625330506667e+00	2.720153331756591797e+00
2.827200000000000000e+04	2.703583482696888751e+00	2.748404026031494141e+00
2.830600000000000000e+04	2.703417631739877702e+00	2.763107776641845703e+00
2.834000000000000000e+04	2.703256851302911379e+00	2.629831075668334961e+00
2.837400000000000000e+04	2.703100831524796632e+00	2.714112043380737305e+00
2.840800000000000000e+04	2.702949288413296181e+00	2.670685768127441406e+00
2.844200000000000000e+04	2.702801961139344566e+00	2.736265897750854492e+00
2.847600000000000000e+04	2.702658609668802114e+00	2.703090667724609375e+00
2.851000000000000000e+04	2.702519012683159527e+00	2.734176158905029297e+00
2.854400000000000000e+04	2.702382965748455046e+00	2.682822465896606445e+00
2.857800000000000000e+04	2.702250279698171553e+00	2.733327865600585938e+00
2.861200000000000000e+04	2.702120779201208745e+00	2.681709289550781250e+00
2.864600000000000000e+04	2.701994301490426853e+00	2.697812318801879883e+00
2.868000000000000000e+04	2.701870695230932817e+00	2.723342657089233398e+00
2.871400000000000000e+04	2.701749819510334216e+00	2.692854166030883789e+00
2.874800000000000000e+04	2.701631542935732266e+00	2.707886219024658203e+00
2.878200000000000000e+04	2.701515742824393662e+00	2.767191171646118164e+00
2.881600000000000000e+04	2.701402304476833383e+00	2.744732141494750977e+00
2.884900000000000000e+04	2.701294359420080671e+00	2.704539775848388672e+00
2.888300000000000000e+04	2.701185267258736200e+00	2.703692674636840820e+00
2.891700000000000000e+04	2.701078237127148007e+00	2.725123643875122070e+00
2.895100000000000000e+04	2.700973180161561960e+00	2.687080144882202148e+00
2.898500000000000000e+04	2.700870012796560360e+00	2.765574216842651367e+00
2.901900000000000000e+04	2.700768656366598464e+00	2.675289630889892578e+00
2.905300000000000000e+04	2.700669036743503337e+00	2.710741996765136719e+00
2.908700000000000000e+04	2.700571084006173184e+00	2.778891563415527344e+00
2.912100000000000000e+04	2.700474732139155787e+00	2.724206924438476562e+00
2.915500000000000000e+04	2.700379918757161768e+00	2.682075977325439453e+00
2.918900000000000000e+04	2.700286584852929828e+00	2.727951288223266602e+00
2.922300000000000000e+04	2.700194674566133823e+00	2.759139299392700195e+00
2.925700000000000000e+04	2.700104134971294645e+00	2.682516098022460938e+00
2.929100000000000000e+04	2.700014915882882338e+00	2.663303852081298828e+00
2.932500000000000000e+04	2.699926969675972899e+00	2.709494352340698242e+00
2.935900000000000000e+04	2.699840251121036871e+00	2.724142313003540039e+00
2.939200000000000000e+04	2.699757216413217531e+00	2.683509349822998047e+00
2.942600000000000000e+04	2.699672793229042966e+00	2.610784292221069336e+00
2.946000000000000000e+04	2.699589476031432955e+00	2.729960441589355469e+00
2.949400000000000000e+04	2.699507227707232282e+00	2.738284349441528320e+00
2.952800000000000000e+04	2.699426012886651183e+00	2.719277143478393555e+00
2.956200000000000000e+04	2.699345797839578065e+00	2.599827766418457031e+00
2.959600000000000000e+04	2.699266550379309404e+00	2.696425676345825195e+00
2.963000000000000000e+04	2.699188239773096853e+00	2.692162513732910156e+00
2.966400000000000000e+04	2.699110836658937362e+00	2.689369916915893555e+00
2.969800000000000000e+04	2.699034312968099592e+00	2.815463304519653320e+00
2.973200000000000000e+04	2.698958641852930107e+00	2.704970359802246094e+00
2.976600000000000000e+04	2.698883797619518354e+00	2.738717794418334961e+00
2.980000000000000000e+04	2.698809755664833165e+00	2.673316717147827148e+00
2.983400000000000000e+04	2.698736492417995070e+00	2.680437088012695312e+00
2.986800000000000000e+04	2.698663985285355782e+00	2.711857795715332031e+00
2.990200000000000000e+04	2.698592212599104645e+00	2.667890548706054688e+00
2.993600000000000000e+04	2.698521153569136466e+00	2.649063587188720703e+00
2.996900000000000000e+04	2.698452848086644096e+00	2.723517656326293945e+00
3.000300000000000000e+04	2.698383137714257085e+00	2.749238014221191406e+00
3.003700000000000000e+04	2.698314083988012424e+00	2.632789850234985352e+00
3.007100000000000000e+04	2.698245669183991335e+00	2.699936866760253906e+00
3.010500000000000000e+04	2.698177876257441987e+00	2.628909826278686523e+00
3.013900000000000000e+04	2.698110688809728153e+00	2.660282135009765625e+00
3.017300000000000000e+04	2.698044091057222094e+00	2.693741083145141602e+00
3.020700000000000000e+04	2.697978067802002666e+00	2.716511964797973633e+00
3.024100000000000000e+04	2.697912604404241410e+00	2.741623163223266602e+00
3.027500000000000000e+04	2.697847686756160268e+00	2.660912752151489258e+00
3.030900000000000000e+04	2.697783301257456134e+00	2.684681653976440430e+00
3.034300000000000000e+04	2.697719434792097637e+00	2.749188661575317383e+00
3.037700000000000000e+04	2.697656074706403562e+00	2.669127941131591797e+00
3.041100000000000000e+04	2.697593208788321206e+00	2.711515426635742188e+00
3.044500000000000000e+04	2.697530825247821173e+00	2.684003114700317383e+00
3.047900000000000000e+04	2.697468912698352650e+00	2.735876798629760742e+00
3.051300000000000000e+04	2.697407460139277902e+00	2.746422767639160156e+00
3.054600000000000000e+04	2.697348244834327780e+00	2.735793590545654297e+00
3.058000000000000000e+04	2.697287667944781031e+00	2.669514894485473633e+00
3.061400000000000000e+04	2.695319669566520915e+00	2.743884563446044922e+00
3.064800000000000000e+04	2.692377965580118993e+00	2.691771745681762695e+00
3.068200000000000000e+04	2.690482093830551147e+00	2.653808116912841797e+00
3.071600000000000000e+04	2.689130764632710502e+00	2.654901027679443359e+00
3.075000000000000000e+04	2.688104630360218295e+00	2.685534954071044922e+00
3.078400000000000000e+04	2.687290692597909203e+00	2.706628322601318359e+00
3.081800000000000000e+04	2.686624113424683991e+00	2.719002962112426758e+00
3.085200000000000000e+04	2.686064711587353937e+00	2.652591943740844727e+00
3.088600000000000000e+04	2.685586100969263867e+00	2.688493967056274414e+00
3.092000000000000000e+04	2.685170152412358124e+00	2.673670291900634766e+00
3.095400000000000000e+04	2.684803948660799300e+00	2.720507383346557617e+00
3.098800000000000000e+04	2.684478006871085842e+00	2.650922298431396484e+00
3.102200000000000000e+04	2.684185189245476000e+00	2.630285501480102539e+00
3.105600000000000000e+04	2.683920007814494024e+00	2.607200384140014648e+00
3.108900000000000000e+04	2.683684979037850304e+00	2.680044889450073242e+00
3.112300000000000000e+04	2.683462513030178354e+00	2.700388908386230469e+00
3.115700000000000000e+04	2.683257282473818339e+00	2.688753843307495117e+00
3.119100000000000000e+04	2.683067021722588485e+00	2.643819570541381836e+00
3.122500000000000000e+04	2.682889860469755750e+00	2.670204162597656250e+00
3.125900000000000000e+04	2.682724239428952551e+00	2.644229888916015625e+00
3.129300000000000000e+04	2.682568846975446508e+00	2.670832157135009766e+00
3.132700000000000000e+04	2.682422570860890865e+00	2.726222753524780273e+00
3.136100000000000000e+04	2.682284460942430560e+00	2.668363094329833984e+00
3.139500000000000000e+04	2.682153700077446246e+00	2.676296949386596680e+00
3.142900000000000000e+04	2.682029581152348463e+00	2.664662361145019531e+00
3.146300000000000000e+04	2.681911488775235330e+00	2.717943429946899414e+00
3.149700000000000000e+04	2.681798884554102980e+00	2.754301071166992188e+00
3.153100000000000000e+04	2.681691295159934096e+00	2.681074619293212891e+00
3.156500000000000000e+04	2.681588302573296279e+00	2.695979356765747070e+00
3.159900000000000000e+04	2.681489536058036194e+00	2.680867433547973633e+00
3.163300000000000000e+04	2.681394665512219166e+00	2.730047225952148438e+00
3.166600000000000000e+04	2.681306031475548135e+00	2.607975959777832031e+00
3.170000000000000000e+04	2.681218003672970251e+00	2.671110868453979492e+00
3.173400000000000000e+04	2.681133080881997977e+00	2.629868268966674805e+00
3.176800000000000000e+04	2.681051047633667750e+00	2.667949199676513672e+00
3.180200000000000000e+04	2.680971708918473695e+00	2.671833992004394531e+00
3.183600000000000000e+04	2.680894887758330736e+00	2.716195821762084961e+00
3.187000000000000000e+04	2.680820423121196949e+00	2.713005304336547852e+00
3.190400000000000000e+04	2.680748168122694786e+00	2.661025047302246094e+00
3.193800000000000000e+04	2.680677988469233775e+00	2.713016748428344727e+00
3.197200000000000000e+04	2.680609761105257505e+00	2.684919118881225586e+00
3.200600000000000000e+04	2.680543373033748455e+00	2.699091434478759766e+00
3.204000000000000000e+04	2.680478720284394711e+00	2.653858900070190430e+00
3.207400000000000000e+04	2.680415707008070303e+00	2.665896654129028320e+00
3.210800000000000000e+04	2.680354244679779452e+00	2.666458606719970703e+00
3.214200000000000000e+04	2.680294251395042515e+00	2.669572830200195312e+00
3.217600000000000000e+04	2.680235651247068862e+00	2.631516456604003906e+00
3.221000000000000000e+04	2.680178373773985268e+00	2.639206171035766602e+00
3.224300000000000000e+04	2.680123983761281359e+00	2.660596847534179688e+00
3.227700000000000000e+04	2.680069125275563735e+00	2.675338745117187500e+00
3.231100000000000000e+04	2.680015407706708430e+00	2.688920736312866211e+00
3.234500000000000000e+04	2.679962777847247235e+00	2.667683601379394531e+00
3.237900000000000000e+04	2.679911185953929742e+00	2.644026994705200195e+00
3.241300000000000000e+04	2.679860585462998657e+00	2.677305221557617188e+00
3.244700000000000000e+04	2.679810932733519557e+00	2.722454309463500977e+00
3.248100000000000000e+04	2.679762186815562774e+00	2.669640064239501953e+00
3.251500000000000000e+04	2.679714309240439629e+00	2.659352779388427734e+00
3.254900000000000000e+04	2.679667263830565638e+00	2.659549236297607422e+00
3.258300000000000000e+04	2.679621016526811061e+00	2.672142744064331055e+00
3.261700000000000000e+04	2.679575535231475403e+00	2.682754993438720703e+00
3.265100000000000000e+04	2.679530789665243162e+00	2.639342069625854492e+00
3.268500000000000000e+04	2.679486751236674902e+00	2.770093202590942383e+00
3.271900000000000000e+04	2.679443392922953304e+00	2.677709102630615234e+00
3.275300000000000000e+04	2.679400689160761573e+00	2.643349885940551758e+00
3.278600000000000000e+04	2.679359844420453829e+00	2.637015581130981445e+00
3.282000000000000000e+04	2.679318360868680582e+00	2.638520240783691406e+00
3.285400000000000000e+04	2.679277463599594178e+00	2.582785844802856445e+00
3.288800000000000000e+04	2.679237131935001237e+00	2.626361131668090820e+00
3.292200000000000000e+04	2.679197346233184174e+00	2.637340068817138672e+00
3.295600000000000000e+04	2.679158087822861134e+00	2.667993783950805664e+00
3.299000000000000000e+04	2.679119338942218764e+00	2.644099950790405273e+00
3.302400000000000000e+04	2.679081082682554626e+00	2.703179597854614258e+00
3.305800000000000000e+04	2.679043302936130022e+00	2.611956834793090820e+00
3.309200000000000000e+04	2.679005984347864189e+00	2.673438787460327148e+00
3.312600000000000000e+04	2.678969112270539465e+00	2.651568651199340820e+00
3.316000000000000000e+04	2.678932672723222996e+00	2.611822366714477539e+00
3.319400000000000000e+04	2.678896652352631413e+00	2.680177450180053711e+00
3.322800000000000000e+04	2.678861038397198691e+00	2.665408849716186523e+00
3.326200000000000000e+04	2.678825818653628232e+00	2.669668912887573242e+00
3.329600000000000000e+04	2.678790981445723585e+00	2.714517354965209961e+00
3.333000000000000000e+04	2.678756515595321464e+00	2.702705621719360352e+00
3.336300000000000000e+04	2.678723408438842046e+00	2.632285833358764648e+00
3.339700000000000000e+04	2.678689643464123638e+00	2.702710151672363281e+00
3.343100000000000000e+04	2.678656219321678744e+00	2.687080860137939453e+00
3.346500000000000000e+04	2.678623126559877665e+00	2.634021043777465820e+00
3.349900000000000000e+04	2.678590356106592907e+00	2.627402067184448242e+00
3.353300000000000000e+04	2.678557899249699226e+00	2.679694175720214844e+00
3.356700000000000000e+04	2.678525747618781594e+00	2.733390808105468750e+00
3.360100000000000000e+04	2.678493893167971152e+00	2.659842252731323242e+00
3.363500000000000000e+04	2.678462328159824324e+00	2.711499691009521484e+00
3.366900000000000000e+04	2.678431045150162948e+00	2.651505231857299805e+00
3.370300000000000000e+04	2.678400036973827003e+00	2.656289100646972656e+00
3.373700000000000000e+04	2.678369296731252458e+00	2.612135171890258789e+00
3.377100000000000000e+04	2.678338817775844483e+00	2.675287961959838867e+00
3.380500000000000000e+04	2.678308593702062979e+00	2.724562644958496094e+00
3.383900000000000000e+04	2.678278618334198669e+00	2.629495143890380859e+00
3.387300000000000000e+04	2.678248885715777128e+00	2.720352172851562500e+00
3.390700000000000000e+04	2.678219390099551678e+00	2.640299320220947266e+00
